Target;Target_Namespace;Target_Type;Target_Method;Job_Id;Job_AnalyzeLaunchVariance;Job_EvaluateOverhead;Job_MaxAbsoluteError;Job_MaxRelativeError;Job_MinInvokeCount;Job_MinIterationTime;Job_OutlierMode;Job_Affinity;Job_EnvironmentVariables;Job_Jit;Job_Platform;Job_PowerPlanMode;Job_Runtime;Job_AllowVeryLargeObjects;Job_Concurrent;Job_CpuGroups;Job_Force;Job_HeapAffinitizeMask;Job_HeapCount;Job_NoAffinitize;Job_RetainVm;Job_Server;Job_Arguments;Job_BuildConfiguration;Job_Clock;Job_EngineFactory;Job_NuGetReferences;Job_Toolchain;Job_IsMutator;Job_InvocationCount;Job_IterationCount;Job_IterationTime;Job_LaunchCount;Job_MaxIterationCount;Job_MaxWarmupIterationCount;Job_MemoryRandomization;Job_MinIterationCount;Job_MinWarmupIterationCount;Job_RunStrategy;Job_UnrollFactor;Job_WarmupCount;Job_Display;Params;Measurement_LaunchIndex;Measurement_IterationMode;Measurement_IterationStage;Measurement_IterationIndex;Measurement_Nanoseconds;Measurement_Operations;Measurement_Value
F2InsertPerformanceNoRelation.InsertData;F2InsertTests;F2InsertPerformanceNoRelation;InsertData;Job-SBBXCC;Default;Default;Default;Default;Default;Default;Default;Default;Default;Default;Default;Default;Default;Default;Default;Default;Default;Default;Default;Default;Default;Default;Default;Default;Default;Default;Default;Default;Default;1;20;Default;Default;Default;Default;Default;Default;Default;Throughput;1;20;"Job-SBBXCC(InvocationCount=1, IterationCount=20, RunStrategy=Throughput, UnrollFactor=1, WarmupCount=20)";numberOfStatements=500;1;Overhead;Jitting;1;159800;1;159800
F2InsertPerformanceNoRelation.InsertData;F2InsertTests;F2InsertPerformanceNoRelation;InsertData;Job-SBBXCC;Default;Default;Default;Default;Default;Default;Default;Default;Default;Default;Default;Default;Default;Default;Default;Default;Default;Default;Default;Default;Default;Default;Default;Default;Default;Default;Default;Default;Default;1;20;Default;Default;Default;Default;Default;Default;Default;Throughput;1;20;"Job-SBBXCC(InvocationCount=1, IterationCount=20, RunStrategy=Throughput, UnrollFactor=1, WarmupCount=20)";numberOfStatements=500;1;Workload;Jitting;1;515556700;1;515556700
F2InsertPerformanceNoRelation.InsertData;F2InsertTests;F2InsertPerformanceNoRelation;InsertData;Job-SBBXCC;Default;Default;Default;Default;Default;Default;Default;Default;Default;Default;Default;Default;Default;Default;Default;Default;Default;Default;Default;Default;Default;Default;Default;Default;Default;Default;Default;Default;Default;1;20;Default;Default;Default;Default;Default;Default;Default;Throughput;1;20;"Job-SBBXCC(InvocationCount=1, IterationCount=20, RunStrategy=Throughput, UnrollFactor=1, WarmupCount=20)";numberOfStatements=500;1;Overhead;Warmup;1;300;1;300
F2InsertPerformanceNoRelation.InsertData;F2InsertTests;F2InsertPerformanceNoRelation;InsertData;Job-SBBXCC;Default;Default;Default;Default;Default;Default;Default;Default;Default;Default;Default;Default;Default;Default;Default;Default;Default;Default;Default;Default;Default;Default;Default;Default;Default;Default;Default;Default;Default;1;20;Default;Default;Default;Default;Default;Default;Default;Throughput;1;20;"Job-SBBXCC(InvocationCount=1, IterationCount=20, RunStrategy=Throughput, UnrollFactor=1, WarmupCount=20)";numberOfStatements=500;1;Overhead;Warmup;2;300;1;300
F2InsertPerformanceNoRelation.InsertData;F2InsertTests;F2InsertPerformanceNoRelation;InsertData;Job-SBBXCC;Default;Default;Default;Default;Default;Default;Default;Default;Default;Default;Default;Default;Default;Default;Default;Default;Default;Default;Default;Default;Default;Default;Default;Default;Default;Default;Default;Default;Default;1;20;Default;Default;Default;Default;Default;Default;Default;Throughput;1;20;"Job-SBBXCC(InvocationCount=1, IterationCount=20, RunStrategy=Throughput, UnrollFactor=1, WarmupCount=20)";numberOfStatements=500;1;Overhead;Warmup;3;200;1;200
F2InsertPerformanceNoRelation.InsertData;F2InsertTests;F2InsertPerformanceNoRelation;InsertData;Job-SBBXCC;Default;Default;Default;Default;Default;Default;Default;Default;Default;Default;Default;Default;Default;Default;Default;Default;Default;Default;Default;Default;Default;Default;Default;Default;Default;Default;Default;Default;Default;1;20;Default;Default;Default;Default;Default;Default;Default;Throughput;1;20;"Job-SBBXCC(InvocationCount=1, IterationCount=20, RunStrategy=Throughput, UnrollFactor=1, WarmupCount=20)";numberOfStatements=500;1;Overhead;Warmup;4;100;1;100
F2InsertPerformanceNoRelation.InsertData;F2InsertTests;F2InsertPerformanceNoRelation;InsertData;Job-SBBXCC;Default;Default;Default;Default;Default;Default;Default;Default;Default;Default;Default;Default;Default;Default;Default;Default;Default;Default;Default;Default;Default;Default;Default;Default;Default;Default;Default;Default;Default;1;20;Default;Default;Default;Default;Default;Default;Default;Throughput;1;20;"Job-SBBXCC(InvocationCount=1, IterationCount=20, RunStrategy=Throughput, UnrollFactor=1, WarmupCount=20)";numberOfStatements=500;1;Overhead;Warmup;5;200;1;200
F2InsertPerformanceNoRelation.InsertData;F2InsertTests;F2InsertPerformanceNoRelation;InsertData;Job-SBBXCC;Default;Default;Default;Default;Default;Default;Default;Default;Default;Default;Default;Default;Default;Default;Default;Default;Default;Default;Default;Default;Default;Default;Default;Default;Default;Default;Default;Default;Default;1;20;Default;Default;Default;Default;Default;Default;Default;Throughput;1;20;"Job-SBBXCC(InvocationCount=1, IterationCount=20, RunStrategy=Throughput, UnrollFactor=1, WarmupCount=20)";numberOfStatements=500;1;Overhead;Warmup;6;200;1;200
F2InsertPerformanceNoRelation.InsertData;F2InsertTests;F2InsertPerformanceNoRelation;InsertData;Job-SBBXCC;Default;Default;Default;Default;Default;Default;Default;Default;Default;Default;Default;Default;Default;Default;Default;Default;Default;Default;Default;Default;Default;Default;Default;Default;Default;Default;Default;Default;Default;1;20;Default;Default;Default;Default;Default;Default;Default;Throughput;1;20;"Job-SBBXCC(InvocationCount=1, IterationCount=20, RunStrategy=Throughput, UnrollFactor=1, WarmupCount=20)";numberOfStatements=500;1;Overhead;Actual;1;300;1;300
F2InsertPerformanceNoRelation.InsertData;F2InsertTests;F2InsertPerformanceNoRelation;InsertData;Job-SBBXCC;Default;Default;Default;Default;Default;Default;Default;Default;Default;Default;Default;Default;Default;Default;Default;Default;Default;Default;Default;Default;Default;Default;Default;Default;Default;Default;Default;Default;Default;1;20;Default;Default;Default;Default;Default;Default;Default;Throughput;1;20;"Job-SBBXCC(InvocationCount=1, IterationCount=20, RunStrategy=Throughput, UnrollFactor=1, WarmupCount=20)";numberOfStatements=500;1;Overhead;Actual;2;300;1;300
F2InsertPerformanceNoRelation.InsertData;F2InsertTests;F2InsertPerformanceNoRelation;InsertData;Job-SBBXCC;Default;Default;Default;Default;Default;Default;Default;Default;Default;Default;Default;Default;Default;Default;Default;Default;Default;Default;Default;Default;Default;Default;Default;Default;Default;Default;Default;Default;Default;1;20;Default;Default;Default;Default;Default;Default;Default;Throughput;1;20;"Job-SBBXCC(InvocationCount=1, IterationCount=20, RunStrategy=Throughput, UnrollFactor=1, WarmupCount=20)";numberOfStatements=500;1;Overhead;Actual;3;300;1;300
F2InsertPerformanceNoRelation.InsertData;F2InsertTests;F2InsertPerformanceNoRelation;InsertData;Job-SBBXCC;Default;Default;Default;Default;Default;Default;Default;Default;Default;Default;Default;Default;Default;Default;Default;Default;Default;Default;Default;Default;Default;Default;Default;Default;Default;Default;Default;Default;Default;1;20;Default;Default;Default;Default;Default;Default;Default;Throughput;1;20;"Job-SBBXCC(InvocationCount=1, IterationCount=20, RunStrategy=Throughput, UnrollFactor=1, WarmupCount=20)";numberOfStatements=500;1;Overhead;Actual;4;300;1;300
F2InsertPerformanceNoRelation.InsertData;F2InsertTests;F2InsertPerformanceNoRelation;InsertData;Job-SBBXCC;Default;Default;Default;Default;Default;Default;Default;Default;Default;Default;Default;Default;Default;Default;Default;Default;Default;Default;Default;Default;Default;Default;Default;Default;Default;Default;Default;Default;Default;1;20;Default;Default;Default;Default;Default;Default;Default;Throughput;1;20;"Job-SBBXCC(InvocationCount=1, IterationCount=20, RunStrategy=Throughput, UnrollFactor=1, WarmupCount=20)";numberOfStatements=500;1;Overhead;Actual;5;300;1;300
F2InsertPerformanceNoRelation.InsertData;F2InsertTests;F2InsertPerformanceNoRelation;InsertData;Job-SBBXCC;Default;Default;Default;Default;Default;Default;Default;Default;Default;Default;Default;Default;Default;Default;Default;Default;Default;Default;Default;Default;Default;Default;Default;Default;Default;Default;Default;Default;Default;1;20;Default;Default;Default;Default;Default;Default;Default;Throughput;1;20;"Job-SBBXCC(InvocationCount=1, IterationCount=20, RunStrategy=Throughput, UnrollFactor=1, WarmupCount=20)";numberOfStatements=500;1;Overhead;Actual;6;200;1;200
F2InsertPerformanceNoRelation.InsertData;F2InsertTests;F2InsertPerformanceNoRelation;InsertData;Job-SBBXCC;Default;Default;Default;Default;Default;Default;Default;Default;Default;Default;Default;Default;Default;Default;Default;Default;Default;Default;Default;Default;Default;Default;Default;Default;Default;Default;Default;Default;Default;1;20;Default;Default;Default;Default;Default;Default;Default;Throughput;1;20;"Job-SBBXCC(InvocationCount=1, IterationCount=20, RunStrategy=Throughput, UnrollFactor=1, WarmupCount=20)";numberOfStatements=500;1;Overhead;Actual;7;200;1;200
F2InsertPerformanceNoRelation.InsertData;F2InsertTests;F2InsertPerformanceNoRelation;InsertData;Job-SBBXCC;Default;Default;Default;Default;Default;Default;Default;Default;Default;Default;Default;Default;Default;Default;Default;Default;Default;Default;Default;Default;Default;Default;Default;Default;Default;Default;Default;Default;Default;1;20;Default;Default;Default;Default;Default;Default;Default;Throughput;1;20;"Job-SBBXCC(InvocationCount=1, IterationCount=20, RunStrategy=Throughput, UnrollFactor=1, WarmupCount=20)";numberOfStatements=500;1;Overhead;Actual;8;200;1;200
F2InsertPerformanceNoRelation.InsertData;F2InsertTests;F2InsertPerformanceNoRelation;InsertData;Job-SBBXCC;Default;Default;Default;Default;Default;Default;Default;Default;Default;Default;Default;Default;Default;Default;Default;Default;Default;Default;Default;Default;Default;Default;Default;Default;Default;Default;Default;Default;Default;1;20;Default;Default;Default;Default;Default;Default;Default;Throughput;1;20;"Job-SBBXCC(InvocationCount=1, IterationCount=20, RunStrategy=Throughput, UnrollFactor=1, WarmupCount=20)";numberOfStatements=500;1;Overhead;Actual;9;300;1;300
F2InsertPerformanceNoRelation.InsertData;F2InsertTests;F2InsertPerformanceNoRelation;InsertData;Job-SBBXCC;Default;Default;Default;Default;Default;Default;Default;Default;Default;Default;Default;Default;Default;Default;Default;Default;Default;Default;Default;Default;Default;Default;Default;Default;Default;Default;Default;Default;Default;1;20;Default;Default;Default;Default;Default;Default;Default;Throughput;1;20;"Job-SBBXCC(InvocationCount=1, IterationCount=20, RunStrategy=Throughput, UnrollFactor=1, WarmupCount=20)";numberOfStatements=500;1;Overhead;Actual;10;200;1;200
F2InsertPerformanceNoRelation.InsertData;F2InsertTests;F2InsertPerformanceNoRelation;InsertData;Job-SBBXCC;Default;Default;Default;Default;Default;Default;Default;Default;Default;Default;Default;Default;Default;Default;Default;Default;Default;Default;Default;Default;Default;Default;Default;Default;Default;Default;Default;Default;Default;1;20;Default;Default;Default;Default;Default;Default;Default;Throughput;1;20;"Job-SBBXCC(InvocationCount=1, IterationCount=20, RunStrategy=Throughput, UnrollFactor=1, WarmupCount=20)";numberOfStatements=500;1;Overhead;Actual;11;200;1;200
F2InsertPerformanceNoRelation.InsertData;F2InsertTests;F2InsertPerformanceNoRelation;InsertData;Job-SBBXCC;Default;Default;Default;Default;Default;Default;Default;Default;Default;Default;Default;Default;Default;Default;Default;Default;Default;Default;Default;Default;Default;Default;Default;Default;Default;Default;Default;Default;Default;1;20;Default;Default;Default;Default;Default;Default;Default;Throughput;1;20;"Job-SBBXCC(InvocationCount=1, IterationCount=20, RunStrategy=Throughput, UnrollFactor=1, WarmupCount=20)";numberOfStatements=500;1;Overhead;Actual;12;200;1;200
F2InsertPerformanceNoRelation.InsertData;F2InsertTests;F2InsertPerformanceNoRelation;InsertData;Job-SBBXCC;Default;Default;Default;Default;Default;Default;Default;Default;Default;Default;Default;Default;Default;Default;Default;Default;Default;Default;Default;Default;Default;Default;Default;Default;Default;Default;Default;Default;Default;1;20;Default;Default;Default;Default;Default;Default;Default;Throughput;1;20;"Job-SBBXCC(InvocationCount=1, IterationCount=20, RunStrategy=Throughput, UnrollFactor=1, WarmupCount=20)";numberOfStatements=500;1;Overhead;Actual;13;100;1;100
F2InsertPerformanceNoRelation.InsertData;F2InsertTests;F2InsertPerformanceNoRelation;InsertData;Job-SBBXCC;Default;Default;Default;Default;Default;Default;Default;Default;Default;Default;Default;Default;Default;Default;Default;Default;Default;Default;Default;Default;Default;Default;Default;Default;Default;Default;Default;Default;Default;1;20;Default;Default;Default;Default;Default;Default;Default;Throughput;1;20;"Job-SBBXCC(InvocationCount=1, IterationCount=20, RunStrategy=Throughput, UnrollFactor=1, WarmupCount=20)";numberOfStatements=500;1;Overhead;Actual;14;100;1;100
F2InsertPerformanceNoRelation.InsertData;F2InsertTests;F2InsertPerformanceNoRelation;InsertData;Job-SBBXCC;Default;Default;Default;Default;Default;Default;Default;Default;Default;Default;Default;Default;Default;Default;Default;Default;Default;Default;Default;Default;Default;Default;Default;Default;Default;Default;Default;Default;Default;1;20;Default;Default;Default;Default;Default;Default;Default;Throughput;1;20;"Job-SBBXCC(InvocationCount=1, IterationCount=20, RunStrategy=Throughput, UnrollFactor=1, WarmupCount=20)";numberOfStatements=500;1;Overhead;Actual;15;100;1;100
F2InsertPerformanceNoRelation.InsertData;F2InsertTests;F2InsertPerformanceNoRelation;InsertData;Job-SBBXCC;Default;Default;Default;Default;Default;Default;Default;Default;Default;Default;Default;Default;Default;Default;Default;Default;Default;Default;Default;Default;Default;Default;Default;Default;Default;Default;Default;Default;Default;1;20;Default;Default;Default;Default;Default;Default;Default;Throughput;1;20;"Job-SBBXCC(InvocationCount=1, IterationCount=20, RunStrategy=Throughput, UnrollFactor=1, WarmupCount=20)";numberOfStatements=500;1;Overhead;Actual;16;100;1;100
F2InsertPerformanceNoRelation.InsertData;F2InsertTests;F2InsertPerformanceNoRelation;InsertData;Job-SBBXCC;Default;Default;Default;Default;Default;Default;Default;Default;Default;Default;Default;Default;Default;Default;Default;Default;Default;Default;Default;Default;Default;Default;Default;Default;Default;Default;Default;Default;Default;1;20;Default;Default;Default;Default;Default;Default;Default;Throughput;1;20;"Job-SBBXCC(InvocationCount=1, IterationCount=20, RunStrategy=Throughput, UnrollFactor=1, WarmupCount=20)";numberOfStatements=500;1;Overhead;Actual;17;300;1;300
F2InsertPerformanceNoRelation.InsertData;F2InsertTests;F2InsertPerformanceNoRelation;InsertData;Job-SBBXCC;Default;Default;Default;Default;Default;Default;Default;Default;Default;Default;Default;Default;Default;Default;Default;Default;Default;Default;Default;Default;Default;Default;Default;Default;Default;Default;Default;Default;Default;1;20;Default;Default;Default;Default;Default;Default;Default;Throughput;1;20;"Job-SBBXCC(InvocationCount=1, IterationCount=20, RunStrategy=Throughput, UnrollFactor=1, WarmupCount=20)";numberOfStatements=500;1;Overhead;Actual;18;200;1;200
F2InsertPerformanceNoRelation.InsertData;F2InsertTests;F2InsertPerformanceNoRelation;InsertData;Job-SBBXCC;Default;Default;Default;Default;Default;Default;Default;Default;Default;Default;Default;Default;Default;Default;Default;Default;Default;Default;Default;Default;Default;Default;Default;Default;Default;Default;Default;Default;Default;1;20;Default;Default;Default;Default;Default;Default;Default;Throughput;1;20;"Job-SBBXCC(InvocationCount=1, IterationCount=20, RunStrategy=Throughput, UnrollFactor=1, WarmupCount=20)";numberOfStatements=500;1;Overhead;Actual;19;100;1;100
F2InsertPerformanceNoRelation.InsertData;F2InsertTests;F2InsertPerformanceNoRelation;InsertData;Job-SBBXCC;Default;Default;Default;Default;Default;Default;Default;Default;Default;Default;Default;Default;Default;Default;Default;Default;Default;Default;Default;Default;Default;Default;Default;Default;Default;Default;Default;Default;Default;1;20;Default;Default;Default;Default;Default;Default;Default;Throughput;1;20;"Job-SBBXCC(InvocationCount=1, IterationCount=20, RunStrategy=Throughput, UnrollFactor=1, WarmupCount=20)";numberOfStatements=500;1;Overhead;Actual;20;200;1;200
F2InsertPerformanceNoRelation.InsertData;F2InsertTests;F2InsertPerformanceNoRelation;InsertData;Job-SBBXCC;Default;Default;Default;Default;Default;Default;Default;Default;Default;Default;Default;Default;Default;Default;Default;Default;Default;Default;Default;Default;Default;Default;Default;Default;Default;Default;Default;Default;Default;1;20;Default;Default;Default;Default;Default;Default;Default;Throughput;1;20;"Job-SBBXCC(InvocationCount=1, IterationCount=20, RunStrategy=Throughput, UnrollFactor=1, WarmupCount=20)";numberOfStatements=500;1;Workload;Warmup;1;483606200;1;483606200
F2InsertPerformanceNoRelation.InsertData;F2InsertTests;F2InsertPerformanceNoRelation;InsertData;Job-SBBXCC;Default;Default;Default;Default;Default;Default;Default;Default;Default;Default;Default;Default;Default;Default;Default;Default;Default;Default;Default;Default;Default;Default;Default;Default;Default;Default;Default;Default;Default;1;20;Default;Default;Default;Default;Default;Default;Default;Throughput;1;20;"Job-SBBXCC(InvocationCount=1, IterationCount=20, RunStrategy=Throughput, UnrollFactor=1, WarmupCount=20)";numberOfStatements=500;1;Workload;Warmup;2;478385300;1;478385300
F2InsertPerformanceNoRelation.InsertData;F2InsertTests;F2InsertPerformanceNoRelation;InsertData;Job-SBBXCC;Default;Default;Default;Default;Default;Default;Default;Default;Default;Default;Default;Default;Default;Default;Default;Default;Default;Default;Default;Default;Default;Default;Default;Default;Default;Default;Default;Default;Default;1;20;Default;Default;Default;Default;Default;Default;Default;Throughput;1;20;"Job-SBBXCC(InvocationCount=1, IterationCount=20, RunStrategy=Throughput, UnrollFactor=1, WarmupCount=20)";numberOfStatements=500;1;Workload;Warmup;3;478124800;1;478124800
F2InsertPerformanceNoRelation.InsertData;F2InsertTests;F2InsertPerformanceNoRelation;InsertData;Job-SBBXCC;Default;Default;Default;Default;Default;Default;Default;Default;Default;Default;Default;Default;Default;Default;Default;Default;Default;Default;Default;Default;Default;Default;Default;Default;Default;Default;Default;Default;Default;1;20;Default;Default;Default;Default;Default;Default;Default;Throughput;1;20;"Job-SBBXCC(InvocationCount=1, IterationCount=20, RunStrategy=Throughput, UnrollFactor=1, WarmupCount=20)";numberOfStatements=500;1;Workload;Warmup;4;485918600;1;485918600
F2InsertPerformanceNoRelation.InsertData;F2InsertTests;F2InsertPerformanceNoRelation;InsertData;Job-SBBXCC;Default;Default;Default;Default;Default;Default;Default;Default;Default;Default;Default;Default;Default;Default;Default;Default;Default;Default;Default;Default;Default;Default;Default;Default;Default;Default;Default;Default;Default;1;20;Default;Default;Default;Default;Default;Default;Default;Throughput;1;20;"Job-SBBXCC(InvocationCount=1, IterationCount=20, RunStrategy=Throughput, UnrollFactor=1, WarmupCount=20)";numberOfStatements=500;1;Workload;Warmup;5;476097300;1;476097300
F2InsertPerformanceNoRelation.InsertData;F2InsertTests;F2InsertPerformanceNoRelation;InsertData;Job-SBBXCC;Default;Default;Default;Default;Default;Default;Default;Default;Default;Default;Default;Default;Default;Default;Default;Default;Default;Default;Default;Default;Default;Default;Default;Default;Default;Default;Default;Default;Default;1;20;Default;Default;Default;Default;Default;Default;Default;Throughput;1;20;"Job-SBBXCC(InvocationCount=1, IterationCount=20, RunStrategy=Throughput, UnrollFactor=1, WarmupCount=20)";numberOfStatements=500;1;Workload;Warmup;6;480169500;1;480169500
F2InsertPerformanceNoRelation.InsertData;F2InsertTests;F2InsertPerformanceNoRelation;InsertData;Job-SBBXCC;Default;Default;Default;Default;Default;Default;Default;Default;Default;Default;Default;Default;Default;Default;Default;Default;Default;Default;Default;Default;Default;Default;Default;Default;Default;Default;Default;Default;Default;1;20;Default;Default;Default;Default;Default;Default;Default;Throughput;1;20;"Job-SBBXCC(InvocationCount=1, IterationCount=20, RunStrategy=Throughput, UnrollFactor=1, WarmupCount=20)";numberOfStatements=500;1;Workload;Warmup;7;478932300;1;478932300
F2InsertPerformanceNoRelation.InsertData;F2InsertTests;F2InsertPerformanceNoRelation;InsertData;Job-SBBXCC;Default;Default;Default;Default;Default;Default;Default;Default;Default;Default;Default;Default;Default;Default;Default;Default;Default;Default;Default;Default;Default;Default;Default;Default;Default;Default;Default;Default;Default;1;20;Default;Default;Default;Default;Default;Default;Default;Throughput;1;20;"Job-SBBXCC(InvocationCount=1, IterationCount=20, RunStrategy=Throughput, UnrollFactor=1, WarmupCount=20)";numberOfStatements=500;1;Workload;Warmup;8;481934300;1;481934300
F2InsertPerformanceNoRelation.InsertData;F2InsertTests;F2InsertPerformanceNoRelation;InsertData;Job-SBBXCC;Default;Default;Default;Default;Default;Default;Default;Default;Default;Default;Default;Default;Default;Default;Default;Default;Default;Default;Default;Default;Default;Default;Default;Default;Default;Default;Default;Default;Default;1;20;Default;Default;Default;Default;Default;Default;Default;Throughput;1;20;"Job-SBBXCC(InvocationCount=1, IterationCount=20, RunStrategy=Throughput, UnrollFactor=1, WarmupCount=20)";numberOfStatements=500;1;Workload;Warmup;9;485542600;1;485542600
F2InsertPerformanceNoRelation.InsertData;F2InsertTests;F2InsertPerformanceNoRelation;InsertData;Job-SBBXCC;Default;Default;Default;Default;Default;Default;Default;Default;Default;Default;Default;Default;Default;Default;Default;Default;Default;Default;Default;Default;Default;Default;Default;Default;Default;Default;Default;Default;Default;1;20;Default;Default;Default;Default;Default;Default;Default;Throughput;1;20;"Job-SBBXCC(InvocationCount=1, IterationCount=20, RunStrategy=Throughput, UnrollFactor=1, WarmupCount=20)";numberOfStatements=500;1;Workload;Warmup;10;485011400;1;485011400
F2InsertPerformanceNoRelation.InsertData;F2InsertTests;F2InsertPerformanceNoRelation;InsertData;Job-SBBXCC;Default;Default;Default;Default;Default;Default;Default;Default;Default;Default;Default;Default;Default;Default;Default;Default;Default;Default;Default;Default;Default;Default;Default;Default;Default;Default;Default;Default;Default;1;20;Default;Default;Default;Default;Default;Default;Default;Throughput;1;20;"Job-SBBXCC(InvocationCount=1, IterationCount=20, RunStrategy=Throughput, UnrollFactor=1, WarmupCount=20)";numberOfStatements=500;1;Workload;Warmup;11;492231500;1;492231500
F2InsertPerformanceNoRelation.InsertData;F2InsertTests;F2InsertPerformanceNoRelation;InsertData;Job-SBBXCC;Default;Default;Default;Default;Default;Default;Default;Default;Default;Default;Default;Default;Default;Default;Default;Default;Default;Default;Default;Default;Default;Default;Default;Default;Default;Default;Default;Default;Default;1;20;Default;Default;Default;Default;Default;Default;Default;Throughput;1;20;"Job-SBBXCC(InvocationCount=1, IterationCount=20, RunStrategy=Throughput, UnrollFactor=1, WarmupCount=20)";numberOfStatements=500;1;Workload;Warmup;12;481278700;1;481278700
F2InsertPerformanceNoRelation.InsertData;F2InsertTests;F2InsertPerformanceNoRelation;InsertData;Job-SBBXCC;Default;Default;Default;Default;Default;Default;Default;Default;Default;Default;Default;Default;Default;Default;Default;Default;Default;Default;Default;Default;Default;Default;Default;Default;Default;Default;Default;Default;Default;1;20;Default;Default;Default;Default;Default;Default;Default;Throughput;1;20;"Job-SBBXCC(InvocationCount=1, IterationCount=20, RunStrategy=Throughput, UnrollFactor=1, WarmupCount=20)";numberOfStatements=500;1;Workload;Warmup;13;476961900;1;476961900
F2InsertPerformanceNoRelation.InsertData;F2InsertTests;F2InsertPerformanceNoRelation;InsertData;Job-SBBXCC;Default;Default;Default;Default;Default;Default;Default;Default;Default;Default;Default;Default;Default;Default;Default;Default;Default;Default;Default;Default;Default;Default;Default;Default;Default;Default;Default;Default;Default;1;20;Default;Default;Default;Default;Default;Default;Default;Throughput;1;20;"Job-SBBXCC(InvocationCount=1, IterationCount=20, RunStrategy=Throughput, UnrollFactor=1, WarmupCount=20)";numberOfStatements=500;1;Workload;Warmup;14;476716300;1;476716300
F2InsertPerformanceNoRelation.InsertData;F2InsertTests;F2InsertPerformanceNoRelation;InsertData;Job-SBBXCC;Default;Default;Default;Default;Default;Default;Default;Default;Default;Default;Default;Default;Default;Default;Default;Default;Default;Default;Default;Default;Default;Default;Default;Default;Default;Default;Default;Default;Default;1;20;Default;Default;Default;Default;Default;Default;Default;Throughput;1;20;"Job-SBBXCC(InvocationCount=1, IterationCount=20, RunStrategy=Throughput, UnrollFactor=1, WarmupCount=20)";numberOfStatements=500;1;Workload;Warmup;15;491048300;1;491048300
F2InsertPerformanceNoRelation.InsertData;F2InsertTests;F2InsertPerformanceNoRelation;InsertData;Job-SBBXCC;Default;Default;Default;Default;Default;Default;Default;Default;Default;Default;Default;Default;Default;Default;Default;Default;Default;Default;Default;Default;Default;Default;Default;Default;Default;Default;Default;Default;Default;1;20;Default;Default;Default;Default;Default;Default;Default;Throughput;1;20;"Job-SBBXCC(InvocationCount=1, IterationCount=20, RunStrategy=Throughput, UnrollFactor=1, WarmupCount=20)";numberOfStatements=500;1;Workload;Warmup;16;482247600;1;482247600
F2InsertPerformanceNoRelation.InsertData;F2InsertTests;F2InsertPerformanceNoRelation;InsertData;Job-SBBXCC;Default;Default;Default;Default;Default;Default;Default;Default;Default;Default;Default;Default;Default;Default;Default;Default;Default;Default;Default;Default;Default;Default;Default;Default;Default;Default;Default;Default;Default;1;20;Default;Default;Default;Default;Default;Default;Default;Throughput;1;20;"Job-SBBXCC(InvocationCount=1, IterationCount=20, RunStrategy=Throughput, UnrollFactor=1, WarmupCount=20)";numberOfStatements=500;1;Workload;Warmup;17;496063200;1;496063200
F2InsertPerformanceNoRelation.InsertData;F2InsertTests;F2InsertPerformanceNoRelation;InsertData;Job-SBBXCC;Default;Default;Default;Default;Default;Default;Default;Default;Default;Default;Default;Default;Default;Default;Default;Default;Default;Default;Default;Default;Default;Default;Default;Default;Default;Default;Default;Default;Default;1;20;Default;Default;Default;Default;Default;Default;Default;Throughput;1;20;"Job-SBBXCC(InvocationCount=1, IterationCount=20, RunStrategy=Throughput, UnrollFactor=1, WarmupCount=20)";numberOfStatements=500;1;Workload;Warmup;18;485190100;1;485190100
F2InsertPerformanceNoRelation.InsertData;F2InsertTests;F2InsertPerformanceNoRelation;InsertData;Job-SBBXCC;Default;Default;Default;Default;Default;Default;Default;Default;Default;Default;Default;Default;Default;Default;Default;Default;Default;Default;Default;Default;Default;Default;Default;Default;Default;Default;Default;Default;Default;1;20;Default;Default;Default;Default;Default;Default;Default;Throughput;1;20;"Job-SBBXCC(InvocationCount=1, IterationCount=20, RunStrategy=Throughput, UnrollFactor=1, WarmupCount=20)";numberOfStatements=500;1;Workload;Warmup;19;480992700;1;480992700
F2InsertPerformanceNoRelation.InsertData;F2InsertTests;F2InsertPerformanceNoRelation;InsertData;Job-SBBXCC;Default;Default;Default;Default;Default;Default;Default;Default;Default;Default;Default;Default;Default;Default;Default;Default;Default;Default;Default;Default;Default;Default;Default;Default;Default;Default;Default;Default;Default;1;20;Default;Default;Default;Default;Default;Default;Default;Throughput;1;20;"Job-SBBXCC(InvocationCount=1, IterationCount=20, RunStrategy=Throughput, UnrollFactor=1, WarmupCount=20)";numberOfStatements=500;1;Workload;Warmup;20;482588200;1;482588200
F2InsertPerformanceNoRelation.InsertData;F2InsertTests;F2InsertPerformanceNoRelation;InsertData;Job-SBBXCC;Default;Default;Default;Default;Default;Default;Default;Default;Default;Default;Default;Default;Default;Default;Default;Default;Default;Default;Default;Default;Default;Default;Default;Default;Default;Default;Default;Default;Default;1;20;Default;Default;Default;Default;Default;Default;Default;Throughput;1;20;"Job-SBBXCC(InvocationCount=1, IterationCount=20, RunStrategy=Throughput, UnrollFactor=1, WarmupCount=20)";numberOfStatements=500;1;Workload;Actual;1;490026700;1;490026700
F2InsertPerformanceNoRelation.InsertData;F2InsertTests;F2InsertPerformanceNoRelation;InsertData;Job-SBBXCC;Default;Default;Default;Default;Default;Default;Default;Default;Default;Default;Default;Default;Default;Default;Default;Default;Default;Default;Default;Default;Default;Default;Default;Default;Default;Default;Default;Default;Default;1;20;Default;Default;Default;Default;Default;Default;Default;Throughput;1;20;"Job-SBBXCC(InvocationCount=1, IterationCount=20, RunStrategy=Throughput, UnrollFactor=1, WarmupCount=20)";numberOfStatements=500;1;Workload;Actual;2;484123300;1;484123300
F2InsertPerformanceNoRelation.InsertData;F2InsertTests;F2InsertPerformanceNoRelation;InsertData;Job-SBBXCC;Default;Default;Default;Default;Default;Default;Default;Default;Default;Default;Default;Default;Default;Default;Default;Default;Default;Default;Default;Default;Default;Default;Default;Default;Default;Default;Default;Default;Default;1;20;Default;Default;Default;Default;Default;Default;Default;Throughput;1;20;"Job-SBBXCC(InvocationCount=1, IterationCount=20, RunStrategy=Throughput, UnrollFactor=1, WarmupCount=20)";numberOfStatements=500;1;Workload;Actual;3;485226900;1;485226900
F2InsertPerformanceNoRelation.InsertData;F2InsertTests;F2InsertPerformanceNoRelation;InsertData;Job-SBBXCC;Default;Default;Default;Default;Default;Default;Default;Default;Default;Default;Default;Default;Default;Default;Default;Default;Default;Default;Default;Default;Default;Default;Default;Default;Default;Default;Default;Default;Default;1;20;Default;Default;Default;Default;Default;Default;Default;Throughput;1;20;"Job-SBBXCC(InvocationCount=1, IterationCount=20, RunStrategy=Throughput, UnrollFactor=1, WarmupCount=20)";numberOfStatements=500;1;Workload;Actual;4;478420100;1;478420100
F2InsertPerformanceNoRelation.InsertData;F2InsertTests;F2InsertPerformanceNoRelation;InsertData;Job-SBBXCC;Default;Default;Default;Default;Default;Default;Default;Default;Default;Default;Default;Default;Default;Default;Default;Default;Default;Default;Default;Default;Default;Default;Default;Default;Default;Default;Default;Default;Default;1;20;Default;Default;Default;Default;Default;Default;Default;Throughput;1;20;"Job-SBBXCC(InvocationCount=1, IterationCount=20, RunStrategy=Throughput, UnrollFactor=1, WarmupCount=20)";numberOfStatements=500;1;Workload;Actual;5;483442200;1;483442200
F2InsertPerformanceNoRelation.InsertData;F2InsertTests;F2InsertPerformanceNoRelation;InsertData;Job-SBBXCC;Default;Default;Default;Default;Default;Default;Default;Default;Default;Default;Default;Default;Default;Default;Default;Default;Default;Default;Default;Default;Default;Default;Default;Default;Default;Default;Default;Default;Default;1;20;Default;Default;Default;Default;Default;Default;Default;Throughput;1;20;"Job-SBBXCC(InvocationCount=1, IterationCount=20, RunStrategy=Throughput, UnrollFactor=1, WarmupCount=20)";numberOfStatements=500;1;Workload;Actual;6;481661900;1;481661900
F2InsertPerformanceNoRelation.InsertData;F2InsertTests;F2InsertPerformanceNoRelation;InsertData;Job-SBBXCC;Default;Default;Default;Default;Default;Default;Default;Default;Default;Default;Default;Default;Default;Default;Default;Default;Default;Default;Default;Default;Default;Default;Default;Default;Default;Default;Default;Default;Default;1;20;Default;Default;Default;Default;Default;Default;Default;Throughput;1;20;"Job-SBBXCC(InvocationCount=1, IterationCount=20, RunStrategy=Throughput, UnrollFactor=1, WarmupCount=20)";numberOfStatements=500;1;Workload;Actual;7;480560900;1;480560900
F2InsertPerformanceNoRelation.InsertData;F2InsertTests;F2InsertPerformanceNoRelation;InsertData;Job-SBBXCC;Default;Default;Default;Default;Default;Default;Default;Default;Default;Default;Default;Default;Default;Default;Default;Default;Default;Default;Default;Default;Default;Default;Default;Default;Default;Default;Default;Default;Default;1;20;Default;Default;Default;Default;Default;Default;Default;Throughput;1;20;"Job-SBBXCC(InvocationCount=1, IterationCount=20, RunStrategy=Throughput, UnrollFactor=1, WarmupCount=20)";numberOfStatements=500;1;Workload;Actual;8;475468600;1;475468600
F2InsertPerformanceNoRelation.InsertData;F2InsertTests;F2InsertPerformanceNoRelation;InsertData;Job-SBBXCC;Default;Default;Default;Default;Default;Default;Default;Default;Default;Default;Default;Default;Default;Default;Default;Default;Default;Default;Default;Default;Default;Default;Default;Default;Default;Default;Default;Default;Default;1;20;Default;Default;Default;Default;Default;Default;Default;Throughput;1;20;"Job-SBBXCC(InvocationCount=1, IterationCount=20, RunStrategy=Throughput, UnrollFactor=1, WarmupCount=20)";numberOfStatements=500;1;Workload;Actual;9;476382000;1;476382000
F2InsertPerformanceNoRelation.InsertData;F2InsertTests;F2InsertPerformanceNoRelation;InsertData;Job-SBBXCC;Default;Default;Default;Default;Default;Default;Default;Default;Default;Default;Default;Default;Default;Default;Default;Default;Default;Default;Default;Default;Default;Default;Default;Default;Default;Default;Default;Default;Default;1;20;Default;Default;Default;Default;Default;Default;Default;Throughput;1;20;"Job-SBBXCC(InvocationCount=1, IterationCount=20, RunStrategy=Throughput, UnrollFactor=1, WarmupCount=20)";numberOfStatements=500;1;Workload;Actual;10;485075700;1;485075700
F2InsertPerformanceNoRelation.InsertData;F2InsertTests;F2InsertPerformanceNoRelation;InsertData;Job-SBBXCC;Default;Default;Default;Default;Default;Default;Default;Default;Default;Default;Default;Default;Default;Default;Default;Default;Default;Default;Default;Default;Default;Default;Default;Default;Default;Default;Default;Default;Default;1;20;Default;Default;Default;Default;Default;Default;Default;Throughput;1;20;"Job-SBBXCC(InvocationCount=1, IterationCount=20, RunStrategy=Throughput, UnrollFactor=1, WarmupCount=20)";numberOfStatements=500;1;Workload;Actual;11;482968900;1;482968900
F2InsertPerformanceNoRelation.InsertData;F2InsertTests;F2InsertPerformanceNoRelation;InsertData;Job-SBBXCC;Default;Default;Default;Default;Default;Default;Default;Default;Default;Default;Default;Default;Default;Default;Default;Default;Default;Default;Default;Default;Default;Default;Default;Default;Default;Default;Default;Default;Default;1;20;Default;Default;Default;Default;Default;Default;Default;Throughput;1;20;"Job-SBBXCC(InvocationCount=1, IterationCount=20, RunStrategy=Throughput, UnrollFactor=1, WarmupCount=20)";numberOfStatements=500;1;Workload;Actual;12;481009000;1;481009000
F2InsertPerformanceNoRelation.InsertData;F2InsertTests;F2InsertPerformanceNoRelation;InsertData;Job-SBBXCC;Default;Default;Default;Default;Default;Default;Default;Default;Default;Default;Default;Default;Default;Default;Default;Default;Default;Default;Default;Default;Default;Default;Default;Default;Default;Default;Default;Default;Default;1;20;Default;Default;Default;Default;Default;Default;Default;Throughput;1;20;"Job-SBBXCC(InvocationCount=1, IterationCount=20, RunStrategy=Throughput, UnrollFactor=1, WarmupCount=20)";numberOfStatements=500;1;Workload;Actual;13;488676100;1;488676100
F2InsertPerformanceNoRelation.InsertData;F2InsertTests;F2InsertPerformanceNoRelation;InsertData;Job-SBBXCC;Default;Default;Default;Default;Default;Default;Default;Default;Default;Default;Default;Default;Default;Default;Default;Default;Default;Default;Default;Default;Default;Default;Default;Default;Default;Default;Default;Default;Default;1;20;Default;Default;Default;Default;Default;Default;Default;Throughput;1;20;"Job-SBBXCC(InvocationCount=1, IterationCount=20, RunStrategy=Throughput, UnrollFactor=1, WarmupCount=20)";numberOfStatements=500;1;Workload;Actual;14;483594800;1;483594800
F2InsertPerformanceNoRelation.InsertData;F2InsertTests;F2InsertPerformanceNoRelation;InsertData;Job-SBBXCC;Default;Default;Default;Default;Default;Default;Default;Default;Default;Default;Default;Default;Default;Default;Default;Default;Default;Default;Default;Default;Default;Default;Default;Default;Default;Default;Default;Default;Default;1;20;Default;Default;Default;Default;Default;Default;Default;Throughput;1;20;"Job-SBBXCC(InvocationCount=1, IterationCount=20, RunStrategy=Throughput, UnrollFactor=1, WarmupCount=20)";numberOfStatements=500;1;Workload;Actual;15;484474300;1;484474300
F2InsertPerformanceNoRelation.InsertData;F2InsertTests;F2InsertPerformanceNoRelation;InsertData;Job-SBBXCC;Default;Default;Default;Default;Default;Default;Default;Default;Default;Default;Default;Default;Default;Default;Default;Default;Default;Default;Default;Default;Default;Default;Default;Default;Default;Default;Default;Default;Default;1;20;Default;Default;Default;Default;Default;Default;Default;Throughput;1;20;"Job-SBBXCC(InvocationCount=1, IterationCount=20, RunStrategy=Throughput, UnrollFactor=1, WarmupCount=20)";numberOfStatements=500;1;Workload;Actual;16;475813200;1;475813200
F2InsertPerformanceNoRelation.InsertData;F2InsertTests;F2InsertPerformanceNoRelation;InsertData;Job-SBBXCC;Default;Default;Default;Default;Default;Default;Default;Default;Default;Default;Default;Default;Default;Default;Default;Default;Default;Default;Default;Default;Default;Default;Default;Default;Default;Default;Default;Default;Default;1;20;Default;Default;Default;Default;Default;Default;Default;Throughput;1;20;"Job-SBBXCC(InvocationCount=1, IterationCount=20, RunStrategy=Throughput, UnrollFactor=1, WarmupCount=20)";numberOfStatements=500;1;Workload;Actual;17;482314600;1;482314600
F2InsertPerformanceNoRelation.InsertData;F2InsertTests;F2InsertPerformanceNoRelation;InsertData;Job-SBBXCC;Default;Default;Default;Default;Default;Default;Default;Default;Default;Default;Default;Default;Default;Default;Default;Default;Default;Default;Default;Default;Default;Default;Default;Default;Default;Default;Default;Default;Default;1;20;Default;Default;Default;Default;Default;Default;Default;Throughput;1;20;"Job-SBBXCC(InvocationCount=1, IterationCount=20, RunStrategy=Throughput, UnrollFactor=1, WarmupCount=20)";numberOfStatements=500;1;Workload;Actual;18;469653900;1;469653900
F2InsertPerformanceNoRelation.InsertData;F2InsertTests;F2InsertPerformanceNoRelation;InsertData;Job-SBBXCC;Default;Default;Default;Default;Default;Default;Default;Default;Default;Default;Default;Default;Default;Default;Default;Default;Default;Default;Default;Default;Default;Default;Default;Default;Default;Default;Default;Default;Default;1;20;Default;Default;Default;Default;Default;Default;Default;Throughput;1;20;"Job-SBBXCC(InvocationCount=1, IterationCount=20, RunStrategy=Throughput, UnrollFactor=1, WarmupCount=20)";numberOfStatements=500;1;Workload;Actual;19;478022200;1;478022200
F2InsertPerformanceNoRelation.InsertData;F2InsertTests;F2InsertPerformanceNoRelation;InsertData;Job-SBBXCC;Default;Default;Default;Default;Default;Default;Default;Default;Default;Default;Default;Default;Default;Default;Default;Default;Default;Default;Default;Default;Default;Default;Default;Default;Default;Default;Default;Default;Default;1;20;Default;Default;Default;Default;Default;Default;Default;Throughput;1;20;"Job-SBBXCC(InvocationCount=1, IterationCount=20, RunStrategy=Throughput, UnrollFactor=1, WarmupCount=20)";numberOfStatements=500;1;Workload;Actual;20;481825100;1;481825100
F2InsertPerformanceNoRelation.InsertData;F2InsertTests;F2InsertPerformanceNoRelation;InsertData;Job-SBBXCC;Default;Default;Default;Default;Default;Default;Default;Default;Default;Default;Default;Default;Default;Default;Default;Default;Default;Default;Default;Default;Default;Default;Default;Default;Default;Default;Default;Default;Default;1;20;Default;Default;Default;Default;Default;Default;Default;Throughput;1;20;"Job-SBBXCC(InvocationCount=1, IterationCount=20, RunStrategy=Throughput, UnrollFactor=1, WarmupCount=20)";numberOfStatements=500;1;Workload;Result;1;490026500;1;490026500
F2InsertPerformanceNoRelation.InsertData;F2InsertTests;F2InsertPerformanceNoRelation;InsertData;Job-SBBXCC;Default;Default;Default;Default;Default;Default;Default;Default;Default;Default;Default;Default;Default;Default;Default;Default;Default;Default;Default;Default;Default;Default;Default;Default;Default;Default;Default;Default;Default;1;20;Default;Default;Default;Default;Default;Default;Default;Throughput;1;20;"Job-SBBXCC(InvocationCount=1, IterationCount=20, RunStrategy=Throughput, UnrollFactor=1, WarmupCount=20)";numberOfStatements=500;1;Workload;Result;2;484123100;1;484123100
F2InsertPerformanceNoRelation.InsertData;F2InsertTests;F2InsertPerformanceNoRelation;InsertData;Job-SBBXCC;Default;Default;Default;Default;Default;Default;Default;Default;Default;Default;Default;Default;Default;Default;Default;Default;Default;Default;Default;Default;Default;Default;Default;Default;Default;Default;Default;Default;Default;1;20;Default;Default;Default;Default;Default;Default;Default;Throughput;1;20;"Job-SBBXCC(InvocationCount=1, IterationCount=20, RunStrategy=Throughput, UnrollFactor=1, WarmupCount=20)";numberOfStatements=500;1;Workload;Result;3;485226700;1;485226700
F2InsertPerformanceNoRelation.InsertData;F2InsertTests;F2InsertPerformanceNoRelation;InsertData;Job-SBBXCC;Default;Default;Default;Default;Default;Default;Default;Default;Default;Default;Default;Default;Default;Default;Default;Default;Default;Default;Default;Default;Default;Default;Default;Default;Default;Default;Default;Default;Default;1;20;Default;Default;Default;Default;Default;Default;Default;Throughput;1;20;"Job-SBBXCC(InvocationCount=1, IterationCount=20, RunStrategy=Throughput, UnrollFactor=1, WarmupCount=20)";numberOfStatements=500;1;Workload;Result;4;478419900;1;478419900
F2InsertPerformanceNoRelation.InsertData;F2InsertTests;F2InsertPerformanceNoRelation;InsertData;Job-SBBXCC;Default;Default;Default;Default;Default;Default;Default;Default;Default;Default;Default;Default;Default;Default;Default;Default;Default;Default;Default;Default;Default;Default;Default;Default;Default;Default;Default;Default;Default;1;20;Default;Default;Default;Default;Default;Default;Default;Throughput;1;20;"Job-SBBXCC(InvocationCount=1, IterationCount=20, RunStrategy=Throughput, UnrollFactor=1, WarmupCount=20)";numberOfStatements=500;1;Workload;Result;5;483442000;1;483442000
F2InsertPerformanceNoRelation.InsertData;F2InsertTests;F2InsertPerformanceNoRelation;InsertData;Job-SBBXCC;Default;Default;Default;Default;Default;Default;Default;Default;Default;Default;Default;Default;Default;Default;Default;Default;Default;Default;Default;Default;Default;Default;Default;Default;Default;Default;Default;Default;Default;1;20;Default;Default;Default;Default;Default;Default;Default;Throughput;1;20;"Job-SBBXCC(InvocationCount=1, IterationCount=20, RunStrategy=Throughput, UnrollFactor=1, WarmupCount=20)";numberOfStatements=500;1;Workload;Result;6;481661700;1;481661700
F2InsertPerformanceNoRelation.InsertData;F2InsertTests;F2InsertPerformanceNoRelation;InsertData;Job-SBBXCC;Default;Default;Default;Default;Default;Default;Default;Default;Default;Default;Default;Default;Default;Default;Default;Default;Default;Default;Default;Default;Default;Default;Default;Default;Default;Default;Default;Default;Default;1;20;Default;Default;Default;Default;Default;Default;Default;Throughput;1;20;"Job-SBBXCC(InvocationCount=1, IterationCount=20, RunStrategy=Throughput, UnrollFactor=1, WarmupCount=20)";numberOfStatements=500;1;Workload;Result;7;480560700;1;480560700
F2InsertPerformanceNoRelation.InsertData;F2InsertTests;F2InsertPerformanceNoRelation;InsertData;Job-SBBXCC;Default;Default;Default;Default;Default;Default;Default;Default;Default;Default;Default;Default;Default;Default;Default;Default;Default;Default;Default;Default;Default;Default;Default;Default;Default;Default;Default;Default;Default;1;20;Default;Default;Default;Default;Default;Default;Default;Throughput;1;20;"Job-SBBXCC(InvocationCount=1, IterationCount=20, RunStrategy=Throughput, UnrollFactor=1, WarmupCount=20)";numberOfStatements=500;1;Workload;Result;8;475468400;1;475468400
F2InsertPerformanceNoRelation.InsertData;F2InsertTests;F2InsertPerformanceNoRelation;InsertData;Job-SBBXCC;Default;Default;Default;Default;Default;Default;Default;Default;Default;Default;Default;Default;Default;Default;Default;Default;Default;Default;Default;Default;Default;Default;Default;Default;Default;Default;Default;Default;Default;1;20;Default;Default;Default;Default;Default;Default;Default;Throughput;1;20;"Job-SBBXCC(InvocationCount=1, IterationCount=20, RunStrategy=Throughput, UnrollFactor=1, WarmupCount=20)";numberOfStatements=500;1;Workload;Result;9;476381800;1;476381800
F2InsertPerformanceNoRelation.InsertData;F2InsertTests;F2InsertPerformanceNoRelation;InsertData;Job-SBBXCC;Default;Default;Default;Default;Default;Default;Default;Default;Default;Default;Default;Default;Default;Default;Default;Default;Default;Default;Default;Default;Default;Default;Default;Default;Default;Default;Default;Default;Default;1;20;Default;Default;Default;Default;Default;Default;Default;Throughput;1;20;"Job-SBBXCC(InvocationCount=1, IterationCount=20, RunStrategy=Throughput, UnrollFactor=1, WarmupCount=20)";numberOfStatements=500;1;Workload;Result;10;485075500;1;485075500
F2InsertPerformanceNoRelation.InsertData;F2InsertTests;F2InsertPerformanceNoRelation;InsertData;Job-SBBXCC;Default;Default;Default;Default;Default;Default;Default;Default;Default;Default;Default;Default;Default;Default;Default;Default;Default;Default;Default;Default;Default;Default;Default;Default;Default;Default;Default;Default;Default;1;20;Default;Default;Default;Default;Default;Default;Default;Throughput;1;20;"Job-SBBXCC(InvocationCount=1, IterationCount=20, RunStrategy=Throughput, UnrollFactor=1, WarmupCount=20)";numberOfStatements=500;1;Workload;Result;11;482968700;1;482968700
F2InsertPerformanceNoRelation.InsertData;F2InsertTests;F2InsertPerformanceNoRelation;InsertData;Job-SBBXCC;Default;Default;Default;Default;Default;Default;Default;Default;Default;Default;Default;Default;Default;Default;Default;Default;Default;Default;Default;Default;Default;Default;Default;Default;Default;Default;Default;Default;Default;1;20;Default;Default;Default;Default;Default;Default;Default;Throughput;1;20;"Job-SBBXCC(InvocationCount=1, IterationCount=20, RunStrategy=Throughput, UnrollFactor=1, WarmupCount=20)";numberOfStatements=500;1;Workload;Result;12;481008800;1;481008800
F2InsertPerformanceNoRelation.InsertData;F2InsertTests;F2InsertPerformanceNoRelation;InsertData;Job-SBBXCC;Default;Default;Default;Default;Default;Default;Default;Default;Default;Default;Default;Default;Default;Default;Default;Default;Default;Default;Default;Default;Default;Default;Default;Default;Default;Default;Default;Default;Default;1;20;Default;Default;Default;Default;Default;Default;Default;Throughput;1;20;"Job-SBBXCC(InvocationCount=1, IterationCount=20, RunStrategy=Throughput, UnrollFactor=1, WarmupCount=20)";numberOfStatements=500;1;Workload;Result;13;488675900;1;488675900
F2InsertPerformanceNoRelation.InsertData;F2InsertTests;F2InsertPerformanceNoRelation;InsertData;Job-SBBXCC;Default;Default;Default;Default;Default;Default;Default;Default;Default;Default;Default;Default;Default;Default;Default;Default;Default;Default;Default;Default;Default;Default;Default;Default;Default;Default;Default;Default;Default;1;20;Default;Default;Default;Default;Default;Default;Default;Throughput;1;20;"Job-SBBXCC(InvocationCount=1, IterationCount=20, RunStrategy=Throughput, UnrollFactor=1, WarmupCount=20)";numberOfStatements=500;1;Workload;Result;14;483594600;1;483594600
F2InsertPerformanceNoRelation.InsertData;F2InsertTests;F2InsertPerformanceNoRelation;InsertData;Job-SBBXCC;Default;Default;Default;Default;Default;Default;Default;Default;Default;Default;Default;Default;Default;Default;Default;Default;Default;Default;Default;Default;Default;Default;Default;Default;Default;Default;Default;Default;Default;1;20;Default;Default;Default;Default;Default;Default;Default;Throughput;1;20;"Job-SBBXCC(InvocationCount=1, IterationCount=20, RunStrategy=Throughput, UnrollFactor=1, WarmupCount=20)";numberOfStatements=500;1;Workload;Result;15;484474100;1;484474100
F2InsertPerformanceNoRelation.InsertData;F2InsertTests;F2InsertPerformanceNoRelation;InsertData;Job-SBBXCC;Default;Default;Default;Default;Default;Default;Default;Default;Default;Default;Default;Default;Default;Default;Default;Default;Default;Default;Default;Default;Default;Default;Default;Default;Default;Default;Default;Default;Default;1;20;Default;Default;Default;Default;Default;Default;Default;Throughput;1;20;"Job-SBBXCC(InvocationCount=1, IterationCount=20, RunStrategy=Throughput, UnrollFactor=1, WarmupCount=20)";numberOfStatements=500;1;Workload;Result;16;475813000;1;475813000
F2InsertPerformanceNoRelation.InsertData;F2InsertTests;F2InsertPerformanceNoRelation;InsertData;Job-SBBXCC;Default;Default;Default;Default;Default;Default;Default;Default;Default;Default;Default;Default;Default;Default;Default;Default;Default;Default;Default;Default;Default;Default;Default;Default;Default;Default;Default;Default;Default;1;20;Default;Default;Default;Default;Default;Default;Default;Throughput;1;20;"Job-SBBXCC(InvocationCount=1, IterationCount=20, RunStrategy=Throughput, UnrollFactor=1, WarmupCount=20)";numberOfStatements=500;1;Workload;Result;17;482314400;1;482314400
F2InsertPerformanceNoRelation.InsertData;F2InsertTests;F2InsertPerformanceNoRelation;InsertData;Job-SBBXCC;Default;Default;Default;Default;Default;Default;Default;Default;Default;Default;Default;Default;Default;Default;Default;Default;Default;Default;Default;Default;Default;Default;Default;Default;Default;Default;Default;Default;Default;1;20;Default;Default;Default;Default;Default;Default;Default;Throughput;1;20;"Job-SBBXCC(InvocationCount=1, IterationCount=20, RunStrategy=Throughput, UnrollFactor=1, WarmupCount=20)";numberOfStatements=500;1;Workload;Result;18;469653700;1;469653700
F2InsertPerformanceNoRelation.InsertData;F2InsertTests;F2InsertPerformanceNoRelation;InsertData;Job-SBBXCC;Default;Default;Default;Default;Default;Default;Default;Default;Default;Default;Default;Default;Default;Default;Default;Default;Default;Default;Default;Default;Default;Default;Default;Default;Default;Default;Default;Default;Default;1;20;Default;Default;Default;Default;Default;Default;Default;Throughput;1;20;"Job-SBBXCC(InvocationCount=1, IterationCount=20, RunStrategy=Throughput, UnrollFactor=1, WarmupCount=20)";numberOfStatements=500;1;Workload;Result;19;478022000;1;478022000
F2InsertPerformanceNoRelation.InsertData;F2InsertTests;F2InsertPerformanceNoRelation;InsertData;Job-SBBXCC;Default;Default;Default;Default;Default;Default;Default;Default;Default;Default;Default;Default;Default;Default;Default;Default;Default;Default;Default;Default;Default;Default;Default;Default;Default;Default;Default;Default;Default;1;20;Default;Default;Default;Default;Default;Default;Default;Throughput;1;20;"Job-SBBXCC(InvocationCount=1, IterationCount=20, RunStrategy=Throughput, UnrollFactor=1, WarmupCount=20)";numberOfStatements=500;1;Workload;Result;20;481824900;1;481824900
